[
  {
    "flight_code": "BA123",
    "origin_city": "LON",
    "destination_city": "JFK",
    "departure_time": "2025-12-10 10:00",
    "arrival_time": "2025-12-10 12:30",
    "flight_price": 450.0
  },
  {
    "flight_code": "LH234",
    "origin_city": "FRA",
    "destination_city": "NYC",
    "departure_time": "2025-12-11 09:00",
    "arrival_time": "2025-12-11 13:30",
    "flight_price": 370.0
  },
  {
    "flight_code": "AF567",
    "origin_city": "PAR",
    "destination_city": "DUB",
    "departure_time": "2025-12-12 14:00",
    "arrival_time": "2025-12-12 16:30",
    "flight_price": 550.0
  },
  {
    "flight_code": "QR345",
    "origin_city": "DOH",
    "destination_city": "SYD",
    "departure_time": "2025-12-14 15:00",
    "arrival_time": "2025-12-14 23:30",
    "flight_price": 800.0
  },
  {
    "flight_code": "EK678",
    "origin_city": "DXB",
    "destination_city": "LON",
    "departure_time": "2025-12-15 08:30",
    "arrival_time": "2025-12-15 12:00",
    "flight_price": 620.0
  },
  {
    "flight_code": "KL910",
    "origin_city": "AMS",
    "destination_city": "JFK",
    "departure_time": "2025-12-16 11:00",
    "arrival_time": "2025-12-16 15:30",
    "flight_price": 470.0
  }
]