[
  {
    "query": {
      "origin_city": "LON",
      "destination_city": "JFK"
    },
    "matches": [
      {
        "flight_code": "BA123",
        "origin_city": "LON",
        "destination_city": "JFK",
        "departure_time": "2025-12-10 10:00",
        "arrival_time": "2025-12-10 12:30",
        "flight_price": 450.0
      }
    ]
  },
  {
    "query": {
      "flight_price": 500.0
    },
    "matches": []
  },
  {
    "query": {
      "departure_time": "2025-12-01 00:00",
      "arrival_time": "2025-12-31 23:59"
    },
    "matches": []
  }
]